[
  {
    "id": "r_copper",
    "name": "구리 반지",
    "baseGold": 0.03,
    "goldScale": 0.001
  },
  {
    "id": "r_silver",
    "name": "은 반지",
    "baseGold": 0.04,
    "goldScale": 0.0012
  },
  {
    "id": "r_greedy",
    "name": "탐욕의 반지",
    "baseGold": 0.05,
    "goldScale": 0.0014
  },
  {
    "id": "r_lucky",
    "name": "행운의 반지",
    "baseGold": 0.035,
    "goldScale": 0.0016
  },
  {
    "id": "r_merchant",
    "name": "상인의 반지",
    "baseGold": 0.06,
    "goldScale": 0.0011
  },
  {
    "id": "r_dragon",
    "name": "용의 반지",
    "baseGold": 0.07,
    "goldScale": 0.001
  }
]