{
  "frames": {
    "player": {
      "x": 0,
      "y": 0,
      "w": 128,
      "h": 128
    },
    "slime": {
      "x": 128,
      "y": 0,
      "w": 128,
      "h": 128
    },
    "goblin": {
      "x": 256,
      "y": 0,
      "w": 128,
      "h": 128
    },
    "wolf": {
      "x": 384,
      "y": 0,
      "w": 128,
      "h": 128
    },
    "skeleton": {
      "x": 0,
      "y": 128,
      "w": 128,
      "h": 128
    },
    "orc": {
      "x": 128,
      "y": 128,
      "w": 128,
      "h": 128
    },
    "mage": {
      "x": 256,
      "y": 128,
      "w": 128,
      "h": 128
    },
    "gargoyle": {
      "x": 384,
      "y": 128,
      "w": 128,
      "h": 128
    },
    "lich": {
      "x": 0,
      "y": 256,
      "w": 128,
      "h": 128
    }
  },
  "cell": 128
}